,City,Lat,Lng,Max Temp,Humidity,Cloudiness,Wind Speed,Country,Date
0,Vaini,-21.2,-175.2,71.6,100,90,11.61,TO,1611503112
1,Urengoy,65.9667,78.3667,-43.24,76,0,0.81,RU,1611503403
2,Puerto Ayora,-0.7393,-90.3518,80.6,74,75,9.22,EC,1611503403
3,Yar-Sale,66.8333,70.8333,-37.64,80,60,9.53,RU,1611503403
4,Mar del Plata,-38.0023,-57.5575,89.6,48,20,4.61,AR,1611503181
5,Port Alfred,-33.5906,26.891,64.99,94,84,13.31,ZA,1611503403
6,Thompson,55.7435,-97.8558,-14.8,70,90,10.36,CA,1611503404
7,Bālāghāt,21.8,80.1833,69.89,40,0,6.76,IN,1611503883
8,Punta Arenas,-53.15,-70.9167,64.4,34,0,17.27,CL,1611503404
9,Ayan,56.45,138.1667,-24.93,71,95,16.55,RU,1611503405
10,Constitución,-35.3333,-72.4167,68.61,63,51,5.32,CL,1611503405
11,Srednekolymsk,67.45,153.6833,-29.22,84,100,8.21,RU,1611503405
12,Saint George,37.1041,-113.5841,28.4,93,1,3.44,US,1611503405
13,Mareeba,-17.0,145.4333,73.4,88,94,9.22,AU,1611503405
14,Butaritari,3.0707,172.7902,78.8,80,25,10.67,KI,1611503385
15,Shimoda,34.6667,138.95,41.0,93,100,14.85,JP,1611503884
16,Yoichi,43.2039,140.7703,18.0,84,0,6.73,JP,1611503884
17,Hermanus,-34.4187,19.2345,71.01,56,8,10.0,ZA,1611503884
18,Rikitea,-23.1203,-134.9692,79.25,65,67,8.52,PF,1611503406
19,Northam,51.0333,-4.2167,39.99,85,88,4.0,GB,1611503162
20,Mount Isa,-20.7333,139.5,80.6,50,100,8.99,AU,1611503406
21,Tiksi,71.6872,128.8694,-43.33,79,35,7.9,RU,1611503406
22,Half Moon Bay,37.4636,-122.4286,51.01,76,90,11.5,US,1611503406
23,Ushuaia,-54.8,-68.3,62.6,36,75,17.27,AR,1611503199
24,Sabha,27.0377,14.4283,67.37,24,0,7.16,LY,1611503885
25,Busselton,-33.65,115.3333,55.0,83,0,6.51,AU,1611503885
26,Petauke,-14.2426,31.3253,70.56,90,98,5.5,ZM,1611503885
27,Ilulissat,69.2167,-51.1,21.2,35,40,9.22,GL,1611503885
28,Vilyuysk,63.7553,121.6247,-50.6,76,65,3.15,RU,1611503467
29,Clarence Town,-32.5833,151.7833,69.8,88,27,6.91,AU,1611503467
30,Bredasdorp,-34.5322,20.0403,71.6,46,82,16.11,ZA,1611503467
31,Souillac,-20.5167,57.5167,80.6,78,40,4.61,MU,1611503886
32,Avarua,-21.2078,-159.775,80.6,78,20,11.5,CK,1611503886
33,Hithadhoo,-0.6,73.0833,82.69,68,48,2.71,MV,1611503886
34,New Norfolk,-42.7826,147.0587,64.99,74,75,3.0,AU,1611503886
35,Sitka,57.0531,-135.33,33.8,93,75,4.61,US,1611503886
36,Yellowknife,62.456,-114.3525,-16.01,76,75,6.91,CA,1611503886
37,Castro,-24.7911,-50.0119,71.37,85,100,4.03,BR,1611503886
38,Port Elizabeth,-33.918,25.5701,68.0,77,75,5.75,ZA,1611503800
39,Atuona,-9.8,-139.0333,77.65,77,5,15.08,PF,1611503886
40,Alugan,12.2188,125.4808,78.66,84,22,8.12,PH,1611503887
41,Albany,42.6001,-73.9662,18.0,41,0,5.01,US,1611503865
42,Vrangel',42.7297,133.0839,29.26,88,0,8.79,RU,1611503230
43,Mayumba,-3.432,10.6554,80.96,78,97,7.09,GA,1611503470
44,Brae,60.3964,-1.353,37.4,87,40,6.91,GB,1611503470
45,Tuktoyaktuk,69.4541,-133.0374,-9.4,77,90,8.05,CA,1611503470
46,Okhotsk,59.3833,143.3,-14.3,83,100,14.72,RU,1611503470
47,Agirish,61.9247,63.0231,-19.86,88,100,7.58,RU,1611503470
48,Terra Nova,-12.3667,-40.6667,83.32,48,60,8.95,BR,1611503318
49,Hilo,19.7297,-155.09,66.2,72,90,6.91,US,1611503948
50,Çay,38.5917,31.0286,39.74,82,72,6.2,TR,1611503471
51,Bakel,14.905,-12.4568,95.54,7,31,12.97,SN,1611503471
52,Warrington,53.3925,-2.5802,37.99,75,100,9.22,GB,1611503320
53,Faanui,-16.4833,-151.75,80.92,73,22,13.42,PF,1611503471
54,São Filipe,14.8961,-24.4956,75.58,57,0,7.65,CV,1611503471
55,Tomatlán,19.9333,-105.25,79.45,45,77,1.77,MX,1611503948
56,Cape Town,-33.9258,18.4232,73.4,46,0,28.77,ZA,1611503749
57,Soyo,-6.1349,12.3689,86.0,74,20,8.05,AO,1611503649
58,Walvis Bay,-22.9575,14.5053,75.2,73,75,10.36,NA,1611503949
59,Barrow,71.2906,-156.7887,-0.4,71,1,17.27,US,1611503783
60,Mapiripán,2.8892,-72.1256,72.48,95,100,2.73,CO,1611503949
61,San Cristobal,7.7669,-72.225,78.8,78,40,4.61,VE,1611503949
62,Eureka,40.8021,-124.1637,44.01,93,100,7.52,US,1611503949
63,Tasiilaq,65.6145,-37.6368,14.0,48,0,2.3,GL,1611503949
64,Nanortalik,60.1432,-45.2371,23.77,90,0,9.04,GL,1611503949
65,Sur,22.5667,59.5289,67.64,49,0,13.06,OM,1611503950
66,Périgueux,45.1833,0.7167,44.01,90,100,1.99,FR,1611503950
67,Kahului,20.8947,-156.47,70.0,88,1,3.44,US,1611503950
68,Chābua,27.4825,95.1736,58.91,78,0,1.41,IN,1611503950
69,Vestmannaeyjar,63.4427,-20.2734,37.4,48,20,16.11,IS,1611503950
70,Aseri,59.4506,26.8675,34.66,96,100,10.94,EE,1611503950
71,Mataura,-46.1927,168.8643,57.99,87,74,14.0,NZ,1611503473
72,Magadan,59.5667,150.8,-16.04,77,99,10.33,RU,1611503473
73,Arraial do Cabo,-22.9661,-42.0278,86.0,69,75,19.57,BR,1611503179
74,Mogzon,51.7435,111.9606,8.87,94,100,8.97,RU,1611503473
75,Bluff,-46.6,168.3333,57.99,87,71,14.0,NZ,1611503474
76,Palmer,42.1584,-72.3287,24.01,42,0,1.01,US,1611503474
77,San Jerónimo,-11.9472,-75.2829,58.28,55,100,0.76,PE,1611503474
78,Klaksvík,62.2266,-6.589,35.6,75,20,29.93,FO,1611503474
79,Jamestown,42.097,-79.2353,28.4,59,75,2.95,US,1611503474
80,Chui,-33.6971,-53.4616,82.36,57,42,9.78,UY,1611503474
81,Dingle,10.9995,122.6711,75.47,90,30,5.61,PH,1611503474
82,Provideniya,64.3833,-173.3,3.07,85,6,1.28,RU,1611503188
83,Lavrentiya,65.5833,-171.0,0.18,84,100,4.79,RU,1611503475
84,Ishigaki,24.3448,124.1572,64.38,66,100,10.49,JP,1611503414
85,Nikolskoye,59.7035,30.7861,36.0,93,90,6.71,RU,1611503475
86,Celestún,20.8667,-90.4,77.81,74,99,10.31,MX,1611503475
87,Kapaa,22.0752,-159.319,73.99,88,75,16.11,US,1611503475
88,Upernavik,72.7868,-56.1549,16.29,92,0,14.5,GL,1611503475
89,Mozarlândia,-14.7447,-50.5706,88.48,54,54,4.03,BR,1611503475
90,Byron Bay,-28.65,153.6167,69.8,88,16,4.61,AU,1611503476
91,Fortuna,40.5982,-124.1573,44.01,100,90,5.48,US,1611503476
92,Trofors,65.5333,13.4063,17.6,86,90,3.44,NO,1611503476
93,Praia,14.9215,-23.5087,82.4,44,0,18.41,CV,1611503476
94,Saint-Augustin,51.226,-58.6502,35.22,85,100,15.7,CA,1611503476
95,Kudat,6.8837,116.8477,73.4,100,20,1.14,MY,1611503476
96,College,64.8569,-147.8028,3.99,77,20,4.61,US,1611503476
97,Cap Malheureux,-19.9842,57.6142,75.99,88,60,5.86,MU,1611503476
98,Berlin,52.5244,13.4105,37.0,94,100,5.01,DE,1611503439
99,Naryan-Mar,67.6713,53.087,-3.78,91,89,11.97,RU,1611503477
100,Dali,25.7,100.1833,44.46,80,1,5.82,CN,1611503477
101,Ponta do Sol,32.6667,-17.1,64.99,70,65,5.01,PT,1611503477
102,Pevek,69.7008,170.3133,-19.08,88,86,6.49,RU,1611504014
103,Malbork,54.0359,19.0266,34.0,100,100,5.26,PL,1611504015
104,San Francisco de Becerra,14.6333,-86.1,77.0,65,75,5.75,HN,1611504015
105,Grindavik,63.8424,-22.4338,28.4,80,20,25.32,IS,1611504016
106,Ulety,51.3572,112.4849,9.19,93,100,5.99,RU,1611504016
107,Qaanaaq,77.484,-69.3632,8.74,78,0,3.38,GL,1611503478
108,Bethel,41.3712,-73.414,23.0,42,1,12.66,US,1611503478
109,East London,-33.0153,27.9116,66.2,82,75,8.05,ZA,1611503478
110,Saint-Philippe,-21.3585,55.7679,82.4,69,20,4.61,RE,1611503478
111,Novoagansk,61.9449,76.6625,-48.37,77,51,1.5,RU,1611503478
112,Rio Grande,-32.035,-52.0986,82.4,74,40,9.22,BR,1611503478
113,Putina,-15.4667,-69.4333,49.33,68,71,3.89,PE,1611503478
114,Chokurdakh,70.6333,147.9167,-32.31,83,100,11.41,RU,1611503479
115,Zhigansk,66.7697,123.3711,-55.5,62,61,7.29,RU,1611503479
116,Marsh Harbour,26.5412,-77.0636,72.18,82,46,17.78,BS,1611503479
117,Waingapu,-9.6567,120.2641,79.12,78,100,5.84,ID,1611503479
118,Jember,-8.166,113.7032,74.43,77,100,1.05,ID,1611503479
119,Marawi,7.9986,124.2928,77.0,91,94,5.99,PH,1611503479
120,Uruguaiana,-29.7547,-57.0883,89.6,62,40,4.61,BR,1611503479
121,Kavieng,-2.5744,150.7967,81.95,76,42,7.43,PG,1611503479
122,Bambanglipuro,-7.95,110.2833,78.33,81,100,4.27,ID,1611503480
123,Nokaneng,-19.6667,22.2667,89.76,32,0,3.02,BW,1611503480
124,Gīdolē,5.65,37.3667,67.69,50,82,1.32,ET,1611503480
125,Geraldton,-28.7667,114.6,69.75,69,24,11.32,AU,1611503480
126,Kim,40.208,70.4688,30.2,64,0,8.95,TJ,1611503480
127,Camacupa,-12.0167,17.4833,72.66,69,39,4.12,AO,1611503480
128,Shingū,33.7333,135.9833,47.19,81,84,5.79,JP,1611503481
129,Huizhou,23.0833,114.4,66.0,75,100,3.36,CN,1611503481
130,Severo-Kuril'sk,50.6789,156.125,15.3,88,95,5.59,RU,1611503388
131,Lorengau,-2.0226,147.2712,81.25,72,100,4.21,PG,1611503403
132,Katsuura,35.1333,140.3,44.6,87,75,14.97,JP,1611503481
133,Sept-Îles,50.2001,-66.3821,36.0,64,100,16.11,CA,1611503481
134,Hobart,-42.8794,147.3294,68.0,45,87,6.91,AU,1611503481
135,Los Llanos de Aridane,28.6585,-17.9182,69.8,73,40,4.61,ES,1611503481
136,Marystown,47.1666,-55.1483,31.41,90,57,9.57,CA,1611503482
137,Alofi,-19.0595,-169.9187,75.2,94,100,1.14,NU,1611503379
138,Saskylakh,71.9167,114.0833,-37.52,79,1,5.59,RU,1611503482
139,São João da Barra,-21.6403,-41.0511,86.0,48,75,11.5,BR,1611503482
140,Pemangkat,1.1667,108.9667,78.12,84,94,5.7,ID,1611503482
141,Voh,-20.9667,164.7,75.58,87,56,5.7,NC,1611503482
142,Salinópolis,-0.6136,-47.3561,81.28,83,93,10.45,BR,1611503482
143,Westport,41.1415,-73.3579,26.6,33,1,13.8,US,1611503219
144,Grand Gaube,-20.0064,57.6608,75.99,88,48,5.95,MU,1611503482
145,Carnarvon,-24.8667,113.6333,77.0,73,40,19.57,AU,1611503368
146,Kastamonu Province,41.5,33.6667,34.27,88,57,3.29,TR,1611503483
147,Liverpool,53.4106,-2.9779,37.4,75,100,9.22,GB,1611503483
148,Kristinestad,62.2743,21.376,32.07,96,100,3.29,FI,1611503483
149,Tuatapere,-46.1333,167.6833,57.99,87,73,14.0,NZ,1611503483
150,Asău,46.4333,26.4,43.0,100,36,11.5,RO,1611503483
151,Rome,43.2128,-75.4557,14.0,72,1,5.75,US,1611503398
152,Navahrudak,53.6,25.8333,33.93,100,100,10.8,BY,1611503484
153,San Patricio,28.017,-97.5169,75.2,94,90,20.71,US,1611503484
154,Dikson,73.5069,80.5464,-13.52,90,100,10.47,RU,1611503484
155,Mount Gambier,-37.8333,140.7667,73.4,43,51,2.3,AU,1611503398
156,Labytnangi,66.6572,66.4183,-35.41,81,100,2.24,RU,1611503484
157,Lompoc,34.6391,-120.4579,41.0,93,1,3.44,US,1611503484
158,Vao,-22.6667,167.4833,76.35,76,90,22.59,NC,1611503484
159,Kaitangata,-46.2817,169.8464,55.0,80,62,1.99,NZ,1611503397
160,Sibolga,1.7427,98.7792,77.45,81,99,3.53,ID,1611503198
161,Ixtapa,20.7,-105.2,66.2,88,75,2.01,MX,1611503484
162,Torbay,47.6666,-52.7314,32.0,74,40,13.8,CA,1611503485
163,Puerto Suárez,-18.95,-57.8,87.8,70,40,4.61,BO,1611503485
164,São Gabriel da Cachoeira,-0.1303,-67.0892,82.4,74,40,4.61,BR,1611503485
165,Olafsvik,64.8945,-23.7142,29.19,91,85,29.39,IS,1611503485
166,Chenzhou,25.8,113.0333,62.64,58,99,1.41,CN,1611503485
167,Sisimiut,66.9395,-53.6735,17.01,87,100,8.03,GL,1611503485
168,Lebu,-37.6167,-73.65,62.71,66,9,15.19,CL,1611503368
169,Tignère,7.3667,12.65,85.53,16,60,7.85,CM,1611503485
170,Lagunas,-5.2269,-75.6753,74.46,96,100,1.63,PE,1611503485
171,Nome,64.5011,-165.4064,17.6,93,90,8.05,US,1611503379
172,Bengkulu,-3.8004,102.2655,78.42,80,99,4.72,ID,1611503486
173,Jalingo,8.8833,11.3667,96.26,11,49,9.64,NG,1611503486
174,Belyy Yar,53.6039,91.3903,5.0,72,0,6.71,RU,1611503486
175,Āgaro,7.85,36.65,71.76,43,75,1.59,ET,1611503486
176,Khatanga,71.9667,102.5,-19.48,87,100,10.0,RU,1611503486
177,Lata,40.1629,-8.3327,60.01,86,100,1.01,PT,1611503487
178,Newport,51.5877,-2.9984,39.99,96,58,4.27,GB,1611503307
179,Ribeira Grande,38.5167,-28.7,62.6,100,75,13.8,PT,1611503487
180,Ostrovnoy,68.0531,39.5131,9.1,94,100,12.44,RU,1611503487
181,Quatre Cocos,-20.2078,57.7625,80.6,78,40,4.61,MU,1611503487
182,Mahabalipuram,12.6264,80.1722,78.8,73,20,5.75,IN,1611503487
183,Skibbereen,51.55,-9.2667,37.4,70,20,13.8,IE,1611503332
184,Nelson Bay,-32.7167,152.15,69.8,88,41,6.91,AU,1611503487
185,Talgar,43.3027,77.2395,23.0,74,75,2.24,KZ,1611503487
186,Noyabrsk,63.1994,75.4507,-46.95,77,2,2.06,RU,1611503488
187,Beringovskiy,63.05,179.3167,-1.14,89,28,8.61,RU,1611504145
188,Bosaso,11.2842,49.1816,75.27,68,20,11.68,SO,1611504113
189,Sokolo,14.7328,-6.1219,91.24,9,3,9.13,ML,1611504145
190,George Town,5.4112,100.3354,84.2,74,20,8.05,MY,1611504145
191,Poum,-20.2333,164.0167,80.29,80,85,14.34,NC,1611504145
192,San Andrés,12.5847,-81.7006,82.4,74,20,16.11,CO,1611504145
193,Monterrey,25.6667,-100.3167,66.2,100,40,3.36,MX,1611504001
194,Moshupa,-24.7782,25.4155,86.0,37,75,17.27,BW,1611504146
195,Taoudenni,22.6783,-3.9836,86.99,11,1,11.34,ML,1611504146
196,Longyearbyen,78.2186,15.6401,15.8,62,75,16.11,SJ,1611504033
197,North Bend,43.4065,-124.2243,41.0,93,90,9.22,US,1611504146
198,Iqaluit,63.7506,-68.5145,1.4,78,40,19.57,CA,1611504146
199,Trairi,-3.2778,-39.2689,87.1,57,100,14.03,BR,1611504146
200,Mattru,7.6244,-11.8332,95.72,16,0,3.31,SL,1611504147
201,Kushima,31.4583,131.2333,48.0,100,6,4.0,JP,1611504147
202,Deputatsky,69.3,139.9,-37.64,82,100,4.72,RU,1611504147
203,Morehead,37.2711,-87.1764,41.0,75,90,2.73,US,1611504147
204,Manicoré,-5.8092,-61.3003,84.36,80,53,1.14,BR,1611504147
205,Cervo,43.6702,-7.4101,55.0,80,100,8.01,ES,1611504147
206,Vigeland,58.0844,7.305,37.0,69,88,1.99,NO,1611504147
207,Norman Wells,65.282,-126.8329,-13.0,77,90,3.44,CA,1611504148
208,Narón,43.5167,-8.1528,55.99,71,40,5.75,ES,1611504148
209,Bambous Virieux,-20.3428,57.7575,80.6,78,40,4.61,MU,1611504148
210,Sørland,67.667,12.6934,28.4,80,75,12.66,NO,1611504148
211,Batagay,67.6333,134.6333,-46.41,74,96,2.66,RU,1611504148
212,Codrington,-38.2667,141.9667,71.73,33,41,5.59,AU,1611504148
213,Fomboni,-12.28,43.7425,83.98,64,74,4.47,KM,1611504148
214,Poya,-21.35,165.15,75.42,85,38,5.37,NC,1611504148
215,Rawson,-43.3002,-65.1023,76.53,47,0,17.25,AR,1611504149
216,Yangi Marg`ilon,40.4272,71.7189,30.2,55,0,4.61,UZ,1611504149
217,Bonavista,48.6499,-53.1147,32.0,74,0,11.5,CA,1611504149
218,Ahipara,-35.1667,173.1667,66.25,93,60,9.53,NZ,1611504149
219,Jiazi,22.8779,116.067,60.69,80,95,18.43,CN,1611504149
220,Sayyan,15.1718,44.3244,53.4,41,23,3.44,YE,1611504150
221,Zhangaözen,43.3,52.8,32.16,88,0,19.75,KZ,1611504150
222,Mabalacat City,15.2167,120.55,78.8,83,75,2.3,PH,1611504008
223,Riyadh,24.6877,46.7219,66.2,13,0,4.61,SA,1611504083
224,Turan,16.0678,108.2208,69.8,83,40,2.3,VN,1611504150
225,Havre-St-Pierre,50.2334,-63.5986,35.6,69,75,17.27,CA,1611504150
226,Midleton,51.9153,-8.1805,39.99,70,20,13.8,IE,1611504150
227,Baoding,38.8511,115.4903,33.26,78,100,3.67,CN,1611504150
228,Ancud,-41.8697,-73.8203,62.6,51,0,9.22,CL,1611504151
229,Mayo,38.8876,-76.5119,33.01,55,1,10.36,US,1611504151
230,Zion,42.4461,-87.8328,28.99,86,90,8.05,US,1611504151
231,Heyang,26.1011,107.473,52.25,90,98,3.83,CN,1611504500
232,Aklavik,68.2191,-135.0107,-27.4,68,1,2.3,CA,1611504501
233,Marsaxlokk,35.8419,14.5431,59.0,77,20,21.85,MT,1611504501
234,Imuris,30.7833,-110.8667,45.14,76,100,8.72,MX,1611504501
235,Otradnoye,59.7775,30.8181,36.0,93,90,6.71,RU,1611504501
236,Hasaki,35.7333,140.8333,41.0,93,75,8.05,JP,1611504501
237,Mwanza,-2.5167,32.9,77.0,69,20,5.75,TZ,1611504501
238,Zhangye,38.9342,100.4517,21.45,83,96,4.21,CN,1611504501
239,Redlands,34.0556,-117.1825,45.0,81,75,1.52,US,1611504501
240,Dicabisagan,17.0818,122.4157,76.6,88,100,9.57,PH,1611504501
241,Hong Kong,22.2855,114.1577,64.0,86,73,3.0,HK,1611504502
242,Bar Harbor,44.3876,-68.2039,19.99,49,1,9.22,US,1611504502
243,Maragogi,-9.0122,-35.2225,83.5,66,38,13.13,BR,1611504502
244,Clyde River,70.4692,-68.5914,6.8,92,75,21.85,CA,1611504502
245,Airai,-8.9266,125.4092,61.57,100,100,2.21,TL,1611504502
246,Tazovsky,67.4667,78.7,-40.99,81,13,2.13,RU,1611504502
247,Xochihuehuetlán,17.9167,-98.4333,74.43,47,100,0.58,MX,1611504502
248,Lagoa,39.05,-27.9833,61.74,90,98,23.67,PT,1611504503
249,Örnsköldsvik,63.2909,18.7153,19.4,93,90,4.61,SE,1611504503
250,Coos Bay,43.3665,-124.2179,39.2,93,90,10.36,US,1611504298
251,Richards Bay,-28.783,32.0377,73.29,85,100,15.68,ZA,1611504503
252,Mahon,39.8885,4.2658,51.8,66,40,8.05,ES,1611504503
253,Tarko-Sale,64.9225,77.785,-45.13,75,0,2.44,RU,1611504503
254,Ulaanbaatar,47.9077,106.8832,6.8,78,40,2.24,MN,1611504503
255,Pala,9.3642,14.9046,93.45,10,31,6.85,TD,1611504504
256,Ilebo,-4.3167,20.5833,75.33,83,94,2.06,CD,1611504504
257,Batemans Bay,-35.7167,150.1833,72.0,97,86,1.99,AU,1611504504
258,Wajir,1.7471,40.0573,95.0,36,40,6.64,KE,1611504505
259,Ino,33.55,133.4333,44.37,75,10,6.55,JP,1611504505
260,Nishihara,26.1842,127.7558,60.8,82,20,5.75,JP,1611504505
261,Bongandanga,1.5,21.05,91.13,35,56,1.32,CD,1611504506
262,Predivinsk,57.0669,93.4378,-2.79,91,100,3.67,RU,1611504506
263,Irtyshskiy,58.3333,68.1333,-19.48,86,100,9.89,RU,1611504506
264,Ambilobe,-13.2,49.05,77.4,87,100,1.32,MG,1611504507
265,Noumea,-22.2763,166.4572,79.0,69,75,6.91,NC,1611504507
266,Stykkisholmur,65.0757,-22.7297,26.42,92,58,22.3,IS,1611504507
267,Magnor,59.9511,12.1996,30.2,93,90,1.61,SE,1611504508
268,Vazante,-17.9869,-46.9078,83.16,49,84,6.22,BR,1611504508
269,Williamstown,39.6862,-74.9952,30.99,50,25,4.0,US,1611504509
270,Tashla,51.7716,52.7427,23.83,98,56,7.07,RU,1611504509
271,Nsanje,-16.92,35.262,76.3,80,100,0.67,MW,1611504509
272,Lakatoro,-16.0999,167.4164,78.62,85,100,7.34,VU,1611504510
273,Abu Dhabi,24.4667,54.3667,68.0,45,0,8.05,AE,1611504511
274,Praia da Vitória,38.7333,-27.0667,66.2,82,40,22.66,PT,1611504511
275,Okha,53.5739,142.9478,-19.97,86,100,15.73,RU,1611504511
276,Hualmay,-11.0964,-77.6139,76.98,62,20,9.55,PE,1611504512
277,Ust-Kuyga,70.0167,135.6,-44.73,76,98,3.83,RU,1611504512
278,Ōdachō-ōda,35.1833,132.5,43.07,77,29,9.89,JP,1611504512
279,Ambam,2.3833,11.2833,86.0,58,75,3.65,CM,1611504572
280,Kavaratti,10.5669,72.642,81.63,78,8,10.47,IN,1611504573
281,Adrar,20.5022,-10.0711,82.83,11,100,12.86,MR,1611504573
282,Faya,18.3851,42.4509,64.4,67,0,4.61,SA,1611504573
283,Uyar,55.81,94.3153,2.12,90,99,6.73,RU,1611504573
284,Gold Coast,-28.0,153.4333,72.0,94,75,5.75,AU,1611504573
285,Talnakh,69.4865,88.3972,-31.7,74,94,3.04,RU,1611504573
286,Casablanca,33.5928,-7.6192,66.2,72,75,11.5,MA,1611504573
287,Esperance,-33.8667,121.9,59.0,82,40,9.19,AU,1611504574
288,Marsá Maţrūḩ,31.3525,27.2453,64.4,34,0,8.05,EG,1611504445
289,Leningradskiy,69.3833,178.4167,-17.12,82,0,2.26,RU,1611504574
290,Tadine,-21.55,167.8833,76.17,82,100,17.87,NC,1611504370
291,Alexandria,31.2156,29.9553,62.6,59,20,6.91,EG,1611504574
292,Tobane,-21.95,27.9,78.8,61,75,11.5,BW,1611504574
293,Porto Nacional,-10.7081,-48.4172,89.6,51,40,5.75,BR,1611504574
294,Pascagoula,30.3658,-88.5561,66.2,82,90,10.36,US,1611504575
295,Camaná,-16.6228,-72.7111,74.35,67,77,7.74,PE,1611504575
296,Niquelândia,-14.4739,-48.4597,87.78,46,5,5.68,BR,1611504575
297,Saldanha,-33.0117,17.9442,75.2,41,0,23.02,ZA,1611504575
298,Standerton,-26.9337,29.2415,64.99,97,100,8.01,ZA,1611504575
299,Laguna,38.421,-121.4238,39.99,93,20,6.91,US,1611504575
300,Cedar City,37.6775,-113.0619,21.2,93,90,1.79,US,1611504575
301,Hamilton,39.1834,-84.5333,30.2,69,90,3.44,US,1611504576
302,Homer,59.6425,-151.5483,37.4,75,90,3.44,US,1611504576
303,Severnoye,56.3491,78.3619,-42.43,80,22,4.07,RU,1611504576
304,Te Anau,-45.4167,167.7167,54.82,86,99,6.04,NZ,1611504576
305,Lüderitz,-26.6481,15.1594,71.37,53,77,29.97,NA,1611504576
306,Zheleznodorozhnyy,55.7503,38.0042,35.6,100,90,13.42,RU,1611504576
307,Ginir,7.1333,40.7,65.41,34,80,8.01,ET,1611504576
308,Hue,16.4667,107.6,68.0,94,20,2.3,VN,1611504577
309,Cabo San Lucas,22.8909,-109.9124,66.0,72,1,14.97,MX,1611504379
310,Touros,-5.1989,-35.4608,87.8,58,75,17.27,BR,1611504577
311,Korla,41.7597,86.1469,22.96,81,0,3.38,CN,1611504577
312,Aykhal,66.0,111.5,-35.61,81,0,3.78,RU,1611504577
313,Egvekinot,66.3167,-179.1667,-4.67,84,0,5.12,RU,1611504577
314,San Matías,-16.3667,-58.4,94.86,50,62,2.01,BO,1611504577
315,Tokur,53.1333,132.9,-31.34,86,78,1.72,RU,1611504578
316,Buchanan,5.8808,-10.0467,89.6,62,75,4.61,LR,1611504578
317,Dukat,62.55,155.55,-36.54,80,96,3.96,RU,1611504578
318,Bahía Blanca,-38.7196,-62.2724,100.24,15,0,12.24,AR,1611504512
319,Nazilli,37.9163,28.3223,51.48,74,37,4.59,TR,1611504578
320,Tual,-5.6667,132.75,84.0,75,100,14.03,ID,1611504578
321,Kruisfontein,-34.0033,24.7314,68.0,76,96,1.99,ZA,1611504578
322,Assomada,15.1,-23.6833,80.6,41,0,14.97,CV,1611504578
323,Cockburn Town,21.4612,-71.1419,76.82,78,69,12.41,TC,1611504579
324,Cayenne,4.9333,-52.3333,84.2,74,75,16.11,GF,1611504579
325,Moerai,-22.4333,-151.3333,79.86,73,5,11.86,PF,1611504579
326,Kudahuvadhoo,2.6708,72.8944,82.78,74,78,13.22,MV,1611504639
327,Buin,-33.7333,-70.75,90.0,44,0,4.61,CL,1611504639
328,Lake City,30.1897,-82.6393,60.8,72,90,4.61,US,1611504639
329,Turbat,26.0023,63.044,58.87,24,0,14.27,PK,1611504639
330,Ilhabela,-23.7781,-45.3581,81.75,70,97,5.44,BR,1611504639
331,Gáldar,28.147,-15.6502,70.0,77,0,16.11,ES,1611504639
332,Cherskiy,68.75,161.3,-25.01,86,100,7.99,RU,1611504640
333,La Ronge,55.1001,-105.2842,-38.2,60,0,0.45,CA,1611504640
334,Saint Anthony,45.0205,-93.218,19.4,79,75,8.05,US,1611504530
335,Fichē,9.8,38.7333,60.12,32,44,4.16,ET,1611504640
336,Udachny,66.4167,112.4,-38.99,79,3,2.75,RU,1611504640
337,Lodja,-3.4833,23.4333,80.08,70,45,3.33,CD,1611504640
338,Nur-Sultan,51.1801,71.446,-16.6,76,20,4.47,KZ,1611504352
339,Lindon,40.3433,-111.7208,30.0,74,75,9.22,US,1611504640
340,Vila Franca do Campo,37.7167,-25.4333,62.6,94,75,11.5,PT,1611504640
341,Yumen,40.2833,97.2,20.77,81,40,16.33,CN,1611504641
342,Carutapera,-1.195,-46.02,80.94,85,97,7.78,BR,1611504641
343,Amapá,1.0,-52.0,82.08,83,49,3.89,BR,1611504641
344,Mahébourg,-20.4081,57.7,80.6,78,40,3.44,MU,1611504641
345,Denpasar,-8.65,115.2167,82.4,78,20,10.36,ID,1611504641
346,Fairbanks,64.8378,-147.7164,5.0,77,20,3.44,US,1611504392
347,Estrela,-28.0611,-50.9383,72.18,90,52,5.1,BR,1611504641
348,Lubaczów,50.157,23.1234,39.0,90,61,10.6,PL,1611504642
349,Vuktyl,63.8567,57.3094,-13.18,89,100,9.37,RU,1611504642
350,Gadwāl,16.2333,77.8,75.4,43,0,7.92,IN,1611504642
351,San Miguel de Tucumán,-26.8241,-65.2226,87.8,58,90,3.89,AR,1611504506
352,La Asuncion,11.0333,-63.8628,79.34,74,35,12.8,VE,1611504642
353,Mwinilunga,-11.7358,24.4293,66.36,90,100,5.21,ZM,1611504642
354,Talcahuano,-36.7167,-73.1167,69.8,68,20,8.05,CL,1611504642
355,Emerald,-23.5333,148.1667,73.4,64,8,6.91,AU,1611504643
356,Muravlenko,63.7898,74.523,-44.79,76,21,3.11,RU,1611504421
357,Vesele,47.0148,34.915,42.57,85,100,14.58,UA,1611504643
358,Djibouti,11.5,42.5,77.0,69,1,8.05,DJ,1611504643
359,Hambantota,6.1241,81.1185,78.8,89,40,8.05,LK,1611504369
360,Kandrian,-6.2167,149.55,77.86,78,100,9.93,PG,1611504643
361,Mexico,15.0646,120.7198,78.8,78,75,2.3,PH,1611504643
362,Casino,-28.8667,153.05,66.2,94,0,1.74,AU,1611504644
363,Andenes,69.3143,16.1194,19.99,86,20,11.5,NO,1611504644
364,Cidreira,-30.1811,-50.2056,80.4,68,7,9.08,BR,1611504644
365,Kaeo,-35.1,173.7833,68.0,88,46,7.0,NZ,1611504644
366,Suzhou,31.3114,120.6181,48.0,94,38,8.14,CN,1611504393
367,Rosita,13.9268,-84.4032,77.04,91,80,4.68,NI,1611504644
368,Linqiong,30.4159,103.4609,51.01,100,40,6.71,CN,1611504552
369,Nador,35.174,-2.9287,69.8,68,0,10.36,MA,1611504644
370,Mombetsu,44.3525,143.3525,23.13,92,0,5.93,JP,1611504644
371,Manta,-0.95,-80.7333,82.4,74,90,5.75,EC,1611504645
372,Maţāy,28.419,30.7792,58.68,43,0,9.24,EG,1611504705
373,Verkhnedneprovskiy,54.9813,33.3457,37.18,99,100,10.83,RU,1611504705
374,Mūndwa,27.0667,73.8167,56.07,35,0,6.42,IN,1611504705
375,Nizhneangarsk,55.7833,109.55,-3.48,80,99,7.31,RU,1611504705
376,Moussoro,13.6408,16.4901,88.65,11,74,9.82,TD,1611504661
377,Dhārchula,29.85,80.5333,47.28,49,7,5.44,IN,1611504705
378,Narsaq,60.9167,-46.05,30.2,29,0,28.77,GL,1611504706
379,Berlevåg,70.8578,29.0864,19.4,79,75,12.66,NO,1611504706
380,Wukari,7.85,9.7833,97.63,10,38,7.96,NG,1611504706
381,Pontal do Paraná,-25.6533,-48.5128,73.4,83,90,2.3,BR,1611504706
382,Itacarambi,-15.1022,-44.0919,89.58,38,0,5.88,BR,1611504706
383,Laas,46.6166,10.7002,39.2,65,0,2.3,IT,1611504706
384,Sansepolcro,43.5747,12.143,44.01,76,100,6.17,IT,1611504706
385,Florø,61.5996,5.0328,37.4,65,75,10.36,NO,1611504707
386,Natal,-5.795,-35.2094,87.8,66,75,17.27,BR,1611504707
387,Estación Coahuila,32.1939,-115.0017,51.01,71,20,3.44,MX,1611504707
388,Saint-Louis,16.3333,-15.0,93.2,13,0,4.61,SN,1611504707
389,Zwedru,6.0667,-8.1281,94.89,21,0,2.98,LR,1611504707
390,Ocher,57.8904,54.7202,17.62,97,100,4.07,RU,1611504707
391,Cairns,-16.9167,145.7667,73.4,88,86,9.22,AU,1611504706
392,Two Rivers,44.1539,-87.5693,30.2,93,90,9.22,US,1611504707
393,Sovetskaya Gavan',48.9723,140.2878,3.83,91,100,9.44,RU,1611504708
394,Pacific Grove,36.6177,-121.9166,51.01,81,90,4.61,US,1611504500
395,Machinga,-15.1685,35.3,69.31,93,100,1.7,MW,1611504708
396,Amga,60.8953,131.9608,-51.36,75,97,1.99,RU,1611504708
397,San Quintín,30.4833,-115.95,53.65,72,88,10.25,MX,1611504708
398,Pedernales,18.0384,-71.744,82.08,54,5,4.97,DO,1611504708
399,Namanyere,-7.5167,31.05,66.16,93,99,1.72,TZ,1611504612
400,Petropavlovsk-Kamchatskiy,53.0452,158.6483,3.2,72,52,6.71,RU,1611504708
401,Qasigiannguit,68.8193,-51.1922,19.4,42,37,4.61,GL,1611504708
402,Maceió,-9.6658,-35.7353,84.2,61,75,13.8,BR,1611504443
403,Suksun,57.1431,57.3949,17.8,97,100,5.66,RU,1611504709
404,Maraã,-1.8333,-65.3667,81.3,88,87,2.86,BR,1611504709
405,Prado,-17.3411,-39.2208,83.12,62,52,8.14,BR,1611504709
406,Fare,-16.7,-151.0167,81.14,71,18,12.17,PF,1611504709
407,Chilpancingo,17.55,-99.5,73.92,59,100,1.68,MX,1611504462
408,Ca Mau,9.1769,105.15,74.98,81,11,6.15,VN,1611504709
409,Cherëmukhovo,60.3484,59.9851,-17.16,88,100,1.81,RU,1611504710
410,Dorado,18.4588,-66.2677,82.99,65,40,11.5,PR,1611504710
411,Fairlie,55.756,-4.8556,35.01,87,20,1.99,GB,1611504710
412,Bobrovka,54.047,61.7455,11.32,96,100,11.03,RU,1611504710
413,Darnah,32.767,22.6367,60.8,42,0,11.97,LY,1611504710
414,Tananger,58.9333,5.6,35.01,75,20,4.61,NO,1611504711
415,Chapais,49.7834,-74.8492,3.2,72,90,13.8,CA,1611504771
416,Toktogul,41.8708,72.9402,15.62,76,1,1.52,KG,1611504771
417,Launceston,-41.45,147.1667,62.01,71,37,1.14,AU,1611504771
418,Hofn,64.2539,-15.2082,32.0,51,75,25.32,IS,1611504771
419,Puerto Ayacucho,5.6639,-67.6236,88.86,59,57,1.39,VE,1611504771
420,Kinna,57.5073,12.6946,35.01,93,75,5.75,SE,1611504771
421,Thatta,24.7475,67.9235,62.94,19,0,10.87,PK,1611504772
422,Pangnirtung,66.1451,-65.7125,15.39,78,70,3.18,CA,1611504772
423,Pavlivka,49.4414,28.4596,41.0,100,90,6.71,UA,1611504772
424,Landeck,47.1301,10.5636,26.01,80,43,1.01,AT,1611504772
425,Ust-Nera,64.5667,143.2,-23.3,77,99,1.74,RU,1611504772
426,Lago da Pedra,-4.3333,-45.1667,84.94,74,92,4.16,BR,1611504772
427,Guerrero Negro,27.9769,-114.0611,58.78,57,6,12.71,MX,1611504748
428,Beatrice,40.2681,-96.747,30.2,80,90,12.66,US,1611504772
429,Yenagoa,4.9247,6.2642,92.37,37,98,6.76,NG,1611504773
430,Le Vauclin,14.5452,-60.8388,84.2,58,75,13.8,MQ,1611504773
431,Rosetta,31.4044,30.4164,62.6,59,20,6.91,EG,1611504773
432,Pyaozerskiy,65.8333,31.1667,23.23,98,100,1.81,RU,1611504773
433,Sheridan,44.8333,-106.9173,21.99,92,90,4.61,US,1611504773
434,Inhambane,-23.865,35.3833,84.2,79,40,16.11,MZ,1611504773
435,Kafanchan,9.5833,8.3,92.75,12,88,1.95,NG,1611504773
436,Novikovo,51.1537,37.8879,36.12,84,100,11.43,RU,1611504774
437,Chara,56.9064,118.2631,-23.6,74,5,0.85,RU,1611504774
438,Kirakira,-10.4544,161.9205,79.59,76,100,6.26,SB,1611504774
439,Taltal,-25.4,-70.4833,72.59,55,7,7.07,CL,1611504774
440,Loudi,27.7344,111.9944,49.89,81,100,4.5,CN,1611504774
441,Nueva Gerona,21.8833,-82.8,74.61,79,83,12.03,CU,1611504606
442,Brigantine,39.4101,-74.3646,33.01,37,1,17.27,US,1611504774
443,Acaraú,-2.8856,-40.12,87.6,56,93,15.93,BR,1611504774
444,Jumla,29.2747,82.1838,33.37,77,0,3.89,NP,1611504775
445,Sühbaatar,50.2314,106.2078,8.71,94,100,5.1,MN,1611504775
446,Lázaro Cárdenas,17.9583,-102.2,80.98,66,100,2.17,MX,1611504775
447,Onguday,50.75,86.15,3.42,85,100,2.48,RU,1611504775
448,Dunmore Town,25.5,-76.65,73.99,69,0,2.89,BS,1611504775
449,Domoni,-12.2569,44.5319,80.94,73,82,2.37,KM,1611504775
450,Sri Aman,1.2376,111.4621,78.8,94,100,0.78,MY,1611504775
451,Boundiali,9.5217,-6.4869,96.01,9,0,4.81,CI,1611504775
452,Puerto del Rosario,28.5004,-13.8627,68.0,73,20,11.5,ES,1611504776
453,Sotouboua,8.5667,0.9833,93.2,20,41,4.76,TG,1611504776
454,Mārkāpur,15.7333,79.2833,71.96,64,5,3.58,IN,1611504550
455,Port Macquarie,-31.4333,152.9167,64.99,97,4,12.3,AU,1611504776
456,Hirara,24.8,125.2833,64.63,65,100,8.19,JP,1611504776
457,Coahuayana Viejo,18.7333,-103.6833,73.4,56,40,1.03,MX,1611504776
458,Baykit,61.67,96.37,-29.36,79,98,2.62,RU,1611504776
459,La Paz,-16.5,-68.15,51.8,76,75,10.36,BO,1611504646
460,Dalnerechensk,45.9339,133.7225,1.15,92,9,2.71,RU,1611504777
461,Kidal,18.4411,1.4078,84.63,10,4,13.6,ML,1611504777
462,Esna,25.2934,32.554,71.6,28,0,6.91,EG,1611504777
463,Privolzhskiy,51.4,46.0333,33.01,95,96,5.01,RU,1611504848
464,Boende,-0.2167,20.8667,83.43,59,80,4.29,CD,1611504848
465,Qaqortoq,60.7167,-46.0333,30.2,29,0,28.77,GL,1611504848
466,Gilgit,35.9221,74.3087,17.44,49,0,3.13,PK,1611504848
467,Tura,25.5198,90.2201,59.67,58,0,3.51,IN,1611504848
468,Sinop Province,41.7711,34.8709,59.0,38,0,13.8,TR,1611504849
469,Albania,41.0,20.0,51.8,71,90,12.66,AL,1611504849
470,Bermeo,43.4209,-2.7215,55.99,67,75,3.44,ES,1611504849
471,Ladan,50.5196,32.5818,39.79,86,100,17.07,UA,1611504849
472,Vostok,46.4856,135.8833,2.73,94,41,3.15,RU,1611504849
473,Bud,39.447,-86.1758,28.99,90,100,8.5,US,1611504849
474,My Tho,10.35,106.35,77.0,83,40,6.91,VN,1611504849
475,Fort Nelson,58.8053,-122.7002,1.4,66,90,2.62,CA,1611504850
476,Prieska,-29.6641,22.7474,92.43,24,80,10.87,ZA,1611504850
477,Damaturu,11.747,11.9608,89.02,12,73,11.43,NG,1611504850
478,Itarema,-2.9248,-39.9167,87.8,56,98,15.9,BR,1611504850
479,Mossamedes,-15.1961,12.1522,79.16,65,68,11.77,AO,1611504850
480,Cootamundra,-34.65,148.0333,81.0,37,92,3.0,AU,1611504850
481,Karasjok,69.4719,25.5112,6.8,72,75,6.91,NO,1611504850
482,Gawler,-34.6,138.7333,82.99,42,99,1.01,AU,1611504850
483,Villazón,-22.0866,-65.5942,58.69,49,90,5.17,BO,1611504851
484,Bāneh,35.9975,45.8853,26.53,71,0,2.66,IR,1611504851
485,Lahaina,20.8783,-156.6825,70.0,82,1,4.61,US,1611504593
486,Mandalgovi,45.7625,106.2708,14.85,93,100,13.96,MN,1611504851
487,Nakhon Thai,17.1006,100.8374,72.72,53,44,1.97,TH,1611504851
488,Rāver,21.25,76.0333,71.17,32,0,4.85,IN,1611504851
489,Scarborough,54.2797,-0.4044,33.01,83,100,3.8,GB,1611504852
490,Ekibastuz,51.6667,75.3667,-27.54,84,0,3.36,KZ,1611504852
491,Kawambwa,-9.7915,29.0791,67.89,95,100,3.91,ZM,1611504852
492,Ascension,30.2169,-90.9001,64.4,94,90,5.75,US,1611504852
493,Machesney Park,42.3472,-89.039,28.4,86,90,6.91,US,1611504853
494,Port Hedland,-20.3167,118.5667,86.0,70,48,19.57,AU,1611504853
495,Pimenta Bueno,-11.6725,-61.1936,80.29,82,87,5.17,BR,1611504763
496,Khuzdar,27.7384,66.6434,49.64,35,0,1.66,PK,1611504853
497,Kyabram,-36.3167,145.05,84.0,24,70,7.07,AU,1611504853
498,Narrabri,-30.3167,149.7833,77.0,36,35,10.36,AU,1611504853
499,Caravelas,-17.7125,-39.2481,84.54,57,79,7.96,BR,1611504854
500,Luziânia,-16.2525,-47.9503,84.2,39,20,5.75,BR,1611504747
501,Soledade,-28.8183,-52.5103,78.49,72,4,3.98,BR,1611504782
502,New Ross,52.3967,-6.9367,35.01,86,40,10.36,IE,1611504854
503,Araçatuba,-21.2089,-50.4328,87.8,51,0,4.61,BR,1611504854
504,Kiunga,-6.1219,141.2906,74.5,97,100,2.89,PG,1611504855
505,Khotynets,53.1286,35.3966,35.33,98,100,13.09,RU,1611504855
506,Kuala Terengganu,5.3302,103.1408,77.0,88,40,2.3,MY,1611504855
507,Tondano,1.3038,124.9112,73.4,100,40,4.61,ID,1611504855
508,Vila Velha,-20.3297,-40.2925,82.4,65,40,3.44,BR,1611504855
509,Yanam,16.7333,82.2167,77.0,78,7,4.61,IN,1611505618
510,Vardø,70.3705,31.1107,23.0,93,75,19.57,NO,1611505618
511,Jijiga,9.35,42.8,66.6,54,92,14.41,ET,1611505618
512,Hobyo,5.3505,48.5268,76.48,71,1,22.64,SO,1611505618
513,Kamaishi,39.2667,141.8833,34.66,85,100,4.07,JP,1611505618
514,Halifax,44.6453,-63.5724,24.01,80,100,8.05,CA,1611505618
515,Isangel,-19.55,169.2667,78.62,87,100,6.22,VU,1611505618
516,Bakuriani,41.7497,43.5325,27.25,75,83,7.83,GE,1611505619
517,Kiama,-34.6833,150.8667,73.99,84,100,3.87,AU,1611505619
518,Kargat,55.1956,80.2811,-43.33,80,32,6.15,RU,1611505329
519,Mpika,-11.8343,31.4529,64.85,96,100,4.0,ZM,1611505619
520,Bilibino,68.0546,166.4372,-29.61,81,98,1.68,RU,1611505619
521,Kimbe,-5.5502,150.1429,75.6,82,100,2.95,PG,1611505619
522,Coquimbo,-29.9533,-71.3436,71.6,64,75,10.36,CL,1611505504
523,Imperial Beach,32.5839,-117.1131,48.2,87,90,4.61,US,1611505595
524,Bandarbeyla,9.4942,50.8122,73.87,71,25,19.51,SO,1611505620
525,Zistersdorf,48.5333,16.75,39.99,67,100,1.01,AT,1611505620
526,Caernarfon,53.1413,-4.2702,37.4,75,97,12.66,GB,1611505620
527,Hays,30.0502,-98.0336,63.0,98,100,1.01,US,1611505620
528,Deltona,28.9005,-81.2637,71.6,88,90,8.05,US,1611505614
529,Taseyevo,57.2169,94.8978,-0.71,92,100,4.79,RU,1611505620
530,Seoul,37.5683,126.9778,35.6,93,0,2.3,KR,1611505574
531,João Pinheiro,-17.7425,-46.1725,81.27,55,63,3.96,BR,1611505620
532,Chhātāpur,26.2167,87.0167,62.67,51,0,2.51,IN,1611505621
533,Lensk,60.7253,114.9278,-34.49,80,87,1.81,RU,1611505621
534,Tselinnoye,53.0833,85.6667,-26.61,85,95,6.58,RU,1611505621
535,La Crosse,43.8014,-91.2396,27.0,79,1,6.91,US,1611505621
536,Portland,45.5234,-122.6762,39.99,87,100,1.99,US,1611504799
537,Abu Kamal,34.4506,40.9171,50.36,42,0,5.46,SY,1611505621
538,Novo Aripuanã,-5.1206,-60.3797,82.92,85,55,2.71,BR,1611505621
539,San Carlos,9.6612,-68.5827,92.3,44,49,2.59,VE,1611505621
540,Xiongzhou,25.1167,114.3,59.88,64,99,0.65,CN,1611505622
